signal_date,buy_date,settle_date,pick_count,win_count,loss_count,win_rate_pct,avg_return_pct,top5_codes,top5_names,pick_returns
2026-04-23,2026-04-24,2026-04-29,5,1,4,20.0,-5.703699722491155,300018 002261 601997 000938 002985,中元股份 / 拓维信息 / 贵阳银行 / 紫光股份 / 北摩高科,300018(-8.30%) / 002261(-8.66%) / 601997(-3.98%) / 000938(+3.91%) / 002985(-11.49%)
2026-04-24,2026-04-27,2026-04-30,5,2,3,40.0,-2.286920388019433,600096 300035 601636 300740 002430,XD云天化 / 中科电气 / 旗滨集团 / 水羊股份 / 杭氧股份,600096(+1.43%) / 300035(-15.70%) / 601636(-1.40%) / 300740(+4.99%) / 002430(-0.76%)
2026-04-27,2026-04-28,2026-05-06,5,3,2,60.0,6.614161589064705,002216 002326 002795 600884 301358,三全食品 / 永太科技 / 永和智控 / 杉杉股份 / 湖南裕能,002216(+0.00%) / 002326(-6.69%) / 002795(+6.49%) / 600884(+10.98%) / 301358(+22.29%)
2026-04-28,2026-04-29,2026-05-07,5,3,2,60.0,2.1721235793332627,000636 301031 301358 002745 002274,风华高科 / 中熔电气 / 湖南裕能 / 木林森 / 华昌化工,000636(+2.91%) / 301031(-3.21%) / 301358(+14.42%) / 002745(+4.90%) / 002274(-8.15%)
2026-04-29,2026-04-30,2026-05-08,5,2,3,40.0,-0.4900396304179223,002563 300861 300037 000651 600884,森马服饰 / 美畅股份 / 新宙邦 / 格力电器 / 杉杉股份,002563(+0.33%) / 300861(+6.80%) / 300037(-6.95%) / 000651(-1.38%) / 600884(-1.24%)
2026-04-30,2026-05-06,2026-05-11,5,4,1,80.0,3.680796622935263,300861 001298 300609 002851 600885,美畅股份 / 好上好 / 汇纳科技 / 麦格米特 / XD宏发股,300861(+6.27%) / 001298(+4.27%) / 300609(-0.49%) / 002851(+3.98%) / 600885(+4.37%)
2026-05-06,2026-05-07,2026-05-12,3,2,1,66.66666666666666,3.1707501740949495,001298 603078 002185,好上好 / 江化微 / 华天科技,001298(-3.94%) / 603078(+7.50%) / 002185(+5.95%)
2026-05-07,2026-05-08,2026-05-13,4,4,0,100.0,3.7449821991258787,000034 603078 002310 000426,神州数码 / 江化微 / 东方新能 / 兴业银锡,000034(+3.48%) / 603078(+2.16%) / 002310(+5.52%) / 000426(+3.82%)
2026-05-08,2026-05-11,2026-05-14,5,2,3,40.0,1.3943569659244082,300607 300572 300553 002050 002755,拓斯达 / 安车检测 / 集智股份 / 三花智控 / 奥赛康,300607(-0.79%) / 300572(+1.39%) / 300553(+15.82%) / 002050(-4.37%) / 002755(-5.08%)
