strategy,signal_date,rank,code,ts_code,name,industry,entry_close,exit_date,exit_price,exit_reason,hold_days,ret_pct,win
short,20251126,1,300632,300632.SZ,光莆股份,半导体,14.3,20251201,15.1,expired,3,5.59,1
short,20251126,5,603738,603738.SH,泰晶科技,元器件,16.3,20251201,15.97,expired,3,-2.02,0
short,20251126,12,601702,601702.SH,华峰铝业,铝,18.07,20251201,17.99,expired,3,-0.44,0
short,20251126,19,002038,002038.SZ,双鹭药业,生物制药,7.97,20251201,7.86,expired,3,-1.38,0
short,20251126,22,300053,300053.SZ,航宇微,半导体,14.47,20251201,17.43,expired,3,20.46,1
short,20251127,8,300306,300306.SZ,远方信息,电器仪表,14.07,20251202,13.81,expired,3,-1.85,0
short,20251127,12,000881,000881.SZ,中广核技,化工原料,8.91,20251202,8.74,expired,3,-1.91,0
short,20251127,14,601702,601702.SH,华峰铝业,铝,18.03,20251202,18.62,expired,3,3.27,1
short,20251127,29,001359,001359.SZ,平安电工,矿物制品,56.4,20251202,58.14,expired,3,3.09,1
short,20251127,38,300053,300053.SZ,航宇微,半导体,14.72,20251202,16.89,expired,3,14.74,1
short,20251128,2,300632,300632.SZ,光莆股份,半导体,15.39,20251203,14.99,retracement,3,-2.6,0
short,20251128,4,001359,001359.SZ,平安电工,矿物制品,59.52,20251203,57.7,expired,3,-3.06,0
short,20251128,7,000603,000603.SZ,盛达资源,铅锌,26.2,20251203,27.69,expired,3,5.69,1
short,20251128,9,300053,300053.SZ,航宇微,半导体,15.19,20251203,16.1,expired,3,5.99,1
short,20251128,10,300264,300264.SZ,佳创视讯,软件服务,7.07,20251203,7.33,expired,3,3.68,1
short,20251201,8,300447,300447.SZ,全信股份,电气设备,15.99,20251204,16.09,expired,3,0.63,1
short,20251201,11,002090,002090.SZ,金智科技,电气设备,12.09,20251204,11.9,expired,3,-1.57,0
short,20251201,13,600795,600795.SH,国电电力,火力发电,5.69,20251204,5.74,expired,3,0.88,1
short,20251201,23,300264,300264.SZ,佳创视讯,软件服务,7.01,20251204,7.08,expired,3,1.0,1
short,20251201,30,300856,300856.SZ,科思股份,日用化工,16.44,20251204,15.16,expired,3,-7.79,0
short,20251202,4,601113,601113.SH,华鼎股份,化纤,4.76,20251205,4.58,expired,3,-3.78,0
short,20251202,6,300632,300632.SZ,光莆股份,半导体,15.84,20251203,14.99,retracement,1,-5.37,0
short,20251202,7,603355,603355.SH,莱克电气,家用电器,33.52,20251205,33.87,expired,3,1.04,1
short,20251202,10,000571,000571.SZ,新大洲A,煤炭开采,5.9,20251203,6.49,limit_up,1,10.0,1
short,20251202,13,601238,601238.SH,广汽集团,汽车整车,9.17,20251205,8.71,expired,3,-5.02,0
short,20251203,3,600863,600863.SH,华能蒙电,火力发电,4.84,20251208,4.7,expired,3,-2.89,0
short,20251203,4,300264,300264.SZ,佳创视讯,软件服务,7.33,20251208,6.85,expired,3,-6.55,0
short,20251203,8,001330,001330.SZ,博纳影业,影视音像,7.84,20251208,9.68,limit_up,3,23.47,1
short,20251203,13,000893,000893.SZ,亚钾国际,农药化肥,46.55,20251208,47.8,expired,3,2.69,1
short,20251203,14,300447,300447.SZ,全信股份,电气设备,15.94,20251208,16.87,expired,3,5.83,1
short,20251204,3,300467,300467.SZ,迅游科技,互联网,27.63,20251208,26.96,retracement,2,-2.42,0
short,20251204,6,600800,600800.SH,渤海化学,化工原料,4.59,20251205,5.05,limit_up,1,10.02,1
short,20251204,8,600879,600879.SH,航天电子,航空,12.26,20251209,13.29,expired,3,8.4,1
short,20251204,9,603223,603223.SH,恒通股份,公路,11.45,20251209,11.19,expired,3,-2.27,0
short,20251204,14,300447,300447.SZ,全信股份,电气设备,16.09,20251209,17.18,expired,3,6.77,1
short,20251205,3,300129,300129.SZ,泰胜风能,电气设备,9.11,20251210,8.67,expired,3,-4.83,0
short,20251205,5,300467,300467.SZ,迅游科技,互联网,28.41,20251208,26.96,retracement,1,-5.1,0
short,20251205,8,600879,600879.SH,航天电子,航空,12.69,20251210,13.55,expired,3,6.78,1
short,20251205,17,000415,000415.SZ,渤海租赁,多元金融,3.88,20251210,3.82,expired,3,-1.55,0
short,20251205,18,603209,603209.SH,兴通股份,水运,16.55,20251210,17.02,expired,3,2.84,1
short,20251208,8,300129,300129.SZ,泰胜风能,电气设备,8.95,20251211,8.96,expired,3,0.11,1
short,20251208,11,603209,603209.SH,兴通股份,水运,17.03,20251211,16.08,retracement,3,-5.58,0
short,20251208,12,603993,603993.SH,洛阳钼业,小金属,18.69,20251209,17.55,retracement,1,-6.1,0
short,20251208,21,600271,600271.SH,航天信息,软件服务,9.43,20251211,9.1,expired,3,-3.5,0
short,20251208,27,600135,600135.SH,乐凯胶片,塑料,8.64,20251211,8.88,expired,3,2.78,1
short,20251209,1,002560,002560.SZ,通达股份,电气设备,9.38,20251212,9.46,expired,3,0.85,1
short,20251209,2,300447,300447.SZ,全信股份,电气设备,17.18,20251212,17.17,expired,3,-0.06,0
short,20251209,10,000657,000657.SZ,中钨高新,小金属,24.8,20251212,24.9,expired,3,0.4,1
short,20251209,15,000408,000408.SZ,藏格矿业,农药化肥,68.0,20251212,72.58,expired,3,6.74,1
short,20251209,18,600163,600163.SH,中闽能源,新型电力,6.22,20251212,6.21,expired,3,-0.16,0
short,20251210,6,600750,600750.SH,华润江中,中成药,23.98,20251215,24.32,expired,3,1.42,1
short,20251210,12,601187,601187.SH,厦门银行,银行,7.56,20251215,7.56,expired,3,0.0,0
short,20251210,15,605058,605058.SH,澳弘电子,元器件,33.97,20251211,30.57,stop_loss,1,-10.01,0
short,20251210,17,002238,002238.SZ,天威视讯,影视音像,9.73,20251215,9.42,expired,3,-3.19,0
short,20251210,24,000657,000657.SZ,中钨高新,小金属,24.72,20251215,25.21,expired,3,1.98,1
short,20251211,2,601187,601187.SH,厦门银行,银行,7.58,20251216,7.57,expired,3,-0.13,0
short,20251211,10,301109,301109.SZ,军信股份,环境保护,16.16,20251216,15.73,expired,3,-2.66,0
short,20251211,11,600750,600750.SH,华润江中,中成药,24.35,20251216,24.45,expired,3,0.41,1
short,20251211,22,000088,000088.SZ,盐田港,港口,4.55,20251216,4.48,expired,3,-1.54,0
short,20251211,25,301168,301168.SZ,通灵股份,电气设备,49.89,20251215,47.4,retracement,2,-4.99,0
short,20251212,9,601187,601187.SH,厦门银行,银行,7.56,20251217,7.51,expired,3,-0.66,0
short,20251212,14,000088,000088.SZ,盐田港,港口,4.57,20251217,4.5,expired,3,-1.53,0
short,20251212,16,601369,601369.SH,陕鼓动力,机械基件,10.35,20251217,10.27,expired,3,-0.77,0
short,20251212,18,600039,600039.SH,四川路桥,建筑工程,10.25,20251217,9.89,expired,3,-3.51,0
short,20251212,19,600750,600750.SH,华润江中,中成药,24.38,20251217,24.41,expired,3,0.12,1
short,20251215,8,300771,300771.SZ,智莱科技,IT设备,14.45,20251217,15.58,retracement,2,7.82,1
short,20251215,9,601702,601702.SH,华峰铝业,铝,20.15,20251218,20.12,expired,3,-0.15,0
short,20251215,13,300054,300054.SZ,鼎龙股份,化工原料,38.92,20251218,36.76,expired,3,-5.55,0
short,20251215,14,601187,601187.SH,厦门银行,银行,7.56,20251218,7.69,expired,3,1.72,1
short,20251215,15,002361,002361.SZ,神剑股份,化工原料,7.14,20251218,7.43,limit_up,3,4.06,1
short,20251216,4,300401,300401.SZ,花园生物,化学制药,15.05,20251219,15.47,expired,3,2.79,1
short,20251216,7,601038,601038.SH,一拖股份,农用机械,14.22,20251219,14.06,expired,3,-1.13,0
short,20251216,19,002627,002627.SZ,三峡旅游,旅游景点,7.27,20251219,7.84,expired,3,7.84,1
short,20251216,26,600750,600750.SH,华润江中,中成药,24.45,20251219,24.63,expired,3,0.74,1
short,20251216,28,000657,000657.SZ,中钨高新,小金属,26.05,20251219,27.3,expired,3,4.8,1
short,20251217,1,601702,601702.SH,华峰铝业,铝,20.55,20251222,20.53,expired,3,-0.1,0
short,20251217,5,600309,600309.SH,万华化学,化工原料,74.22,20251222,75.79,expired,3,2.12,1
short,20251217,7,300401,300401.SZ,花园生物,化学制药,15.1,20251222,15.13,expired,3,0.2,1
short,20251217,9,600549,600549.SH,厦门钨业,小金属,41.59,20251222,41.34,expired,3,-0.6,0
short,20251217,11,601688,601688.SH,华泰证券,证券,23.68,20251222,23.12,expired,3,-2.36,0
short,20251218,2,600309,600309.SH,万华化学,化工原料,75.54,20251223,74.8,expired,3,-0.98,0
short,20251218,5,300137,300137.SZ,先河环保,环境保护,9.95,20251223,10.55,expired,3,6.03,1
short,20251218,6,600970,600970.SH,中材国际,建筑工程,10.19,20251223,10.26,expired,3,0.69,1
short,20251218,10,600765,600765.SH,中航重机,航空,17.89,20251223,17.35,expired,3,-3.02,0
short,20251218,13,300557,300557.SZ,理工光科,电器仪表,32.78,20251219,39.34,limit_up,1,20.01,1
short,20251219,2,300401,300401.SZ,花园生物,化学制药,15.47,20251224,15.21,expired,3,-1.68,0
short,20251219,7,002842,002842.SZ,翔鹭钨业,小金属,12.65,20251223,15.08,limit_up,2,19.21,1
short,20251219,12,000415,000415.SZ,渤海租赁,多元金融,4.08,20251224,4.07,expired,3,-0.25,0
short,20251219,15,600970,600970.SH,中材国际,建筑工程,10.28,20251224,10.51,expired,3,2.24,1
short,20251219,21,002446,002446.SZ,盛路通信,通信设备,9.85,20251224,9.77,expired,3,-0.81,0
short,20251222,2,600859,600859.SH,王府井,百货,16.42,20251225,15.12,expired,3,-7.92,0
short,20251222,22,601156,601156.SH,东航物流,仓储物流,18.25,20251225,18.41,expired,3,0.88,1
short,20251222,23,002394,002394.SZ,联发股份,纺织,14.56,20251223,16.02,limit_up,1,10.03,1
short,20251222,32,000949,000949.SZ,新乡化纤,化纤,5.44,20251223,5.09,retracement,1,-6.43,0
short,20251222,33,300272,300272.SZ,开能健康,家用电器,7.57,20251225,7.62,expired,3,0.66,1
short,20251223,7,301276,301276.SZ,嘉曼服饰,服饰,28.02,20251226,29.09,expired,3,3.82,1
short,20251223,14,300272,300272.SZ,开能健康,家用电器,7.84,20251226,7.63,expired,3,-2.68,0
short,20251223,16,002558,002558.SZ,巨人网络,互联网,47.0,20251226,46.06,expired,3,-2.0,0
short,20251223,18,600578,600578.SH,京能电力,火力发电,5.13,20251226,5.38,expired,3,4.87,1
short,20251223,22,002522,002522.SZ,浙江众成,塑料,5.61,20251226,5.53,expired,3,-1.43,0
short,20251224,25,300098,300098.SZ,高新兴,软件服务,6.22,20251229,6.06,expired,3,-2.57,0
short,20251224,27,300807,300807.SZ,天迈科技,软件服务,53.77,20251229,54.94,expired,3,2.18,1
short,20251224,30,600459,600459.SH,贵研铂业,小金属,20.48,20251229,19.39,expired,3,-5.32,0
short,20251224,33,300252,300252.SZ,金信诺,通信设备,14.79,20251229,14.46,expired,3,-2.23,0
short,20251224,40,002522,002522.SZ,浙江众成,塑料,5.61,20251229,5.54,expired,3,-1.25,0
short,20251225,3,000582,000582.SZ,北部湾港,港口,10.17,20251229,9.61,retracement,2,-5.51,0
short,20251225,23,300835,300835.SZ,龙磁科技,矿物制品,68.14,20251230,65.71,expired,3,-3.57,0
short,20251225,29,002171,002171.SZ,楚江新材,铜,13.0,20251230,13.38,expired,3,2.92,1
short,20251225,39,002643,002643.SZ,万润股份,化工原料,15.95,20251230,14.99,expired,3,-6.02,0
short,20251225,44,603687,603687.SH,大胜达,广告包装,9.86,20251230,9.68,expired,3,-1.83,0
short,20251226,4,300133,300133.SZ,华策影视,影视音像,8.26,20251231,8.32,expired,3,0.73,1
short,20251226,9,600578,600578.SH,京能电力,火力发电,5.38,20251231,5.1,expired,3,-5.2,0
short,20251226,13,002935,002935.SZ,天奥电子,航空,21.56,20251231,22.35,expired,3,3.66,1
short,20251226,33,600346,600346.SH,恒力石化,石油加工,21.27,20251231,22.53,expired,3,5.92,1
short,20251226,53,603915,603915.SH,国茂股份,机械基件,18.13,20251231,18.41,expired,3,1.54,1
short,20251229,9,300777,300777.SZ,中简科技,化纤,38.78,20260105,41.58,expired,3,7.22,1
short,20251229,16,301209,301209.SZ,联合化学,染料涂料,107.04,20260105,110.15,expired,3,2.91,1
short,20251229,18,002935,002935.SZ,天奥电子,航空,22.06,20260105,22.1,expired,3,0.18,1
short,20251229,20,000967,000967.SZ,盈峰环境,环境保护,7.36,20260105,7.32,expired,3,-0.54,0
short,20251229,24,002268,002268.SZ,电科网安,IT设备,19.98,20260105,21.7,expired,3,8.61,1
short,20251230,10,600765,600765.SH,中航重机,航空,19.18,20260106,19.68,expired,3,2.61,1
short,20251230,13,600877,600877.SH,电科芯片,半导体,17.49,20260106,17.3,expired,3,-1.09,0
short,20251230,14,603920,603920.SH,世运电路,元器件,48.56,20260106,53.22,expired,3,9.6,1
short,20251230,16,600230,600230.SH,沧州大化,化工原料,14.46,20260106,16.64,limit_up,3,15.08,1
short,20251230,17,600346,600346.SH,恒力石化,石油加工,22.43,20260106,23.84,expired,3,6.29,1
short,20251231,10,600877,600877.SH,电科芯片,半导体,17.55,20260107,17.3,expired,3,-1.42,0
short,20251231,29,600346,600346.SH,恒力石化,石油加工,22.53,20260107,23.65,expired,3,4.97,1
short,20251231,33,301571,301571.SZ,国科天成,元器件,57.68,20260107,55.59,expired,3,-3.62,0
short,20251231,38,002935,002935.SZ,天奥电子,航空,22.35,20260107,22.58,expired,3,1.03,1
short,20251231,46,000878,000878.SZ,云南铜业,铜,20.51,20260107,20.72,expired,3,1.02,1
short,20260105,3,600435,600435.SH,北方导航,专用机械,16.38,20260106,18.02,limit_up,1,10.01,1
short,20260105,4,600230,600230.SH,沧州大化,化工原料,15.13,20260106,16.64,limit_up,1,9.98,1
short,20260105,15,300627,300627.SZ,华测导航,通信设备,36.45,20260108,41.57,expired,3,14.05,1
short,20260105,16,002268,002268.SZ,电科网安,IT设备,21.7,20260108,21.42,expired,3,-1.29,0
short,20260105,26,301160,301160.SZ,翔楼新材,机械基件,72.76,20260108,75.4,expired,3,3.63,1
short,20260106,6,002128,002128.SZ,电投能源,煤炭开采,30.04,20260109,29.8,expired,3,-0.8,0
short,20260106,14,002182,002182.SZ,宝武镁业,小金属,16.95,20260109,17.15,expired,3,1.18,1
short,20260106,19,600998,600998.SH,九州通,医药商业,5.35,20260109,5.29,expired,3,-1.12,0
short,20260106,25,002601,002601.SZ,龙佰集团,化工原料,20.91,20260109,20.39,expired,3,-2.49,0
short,20260106,30,000672,000672.SZ,上峰水泥,水泥,13.21,20260109,12.93,expired,3,-2.12,0
short,20260107,8,000923,000923.SZ,河钢资源,普钢,23.37,20260112,22.8,expired,3,-2.44,0
short,20260107,23,002250,002250.SZ,联化科技,化工原料,14.69,20260108,16.16,limit_up,1,10.01,1
short,20260107,30,300018,300018.SZ,中元股份,电气设备,12.3,20260112,12.53,expired,3,1.87,1
short,20260107,38,603687,603687.SH,大胜达,广告包装,10.55,20260112,10.81,expired,3,2.46,1
short,20260107,43,300133,300133.SZ,华策影视,影视音像,8.56,20260112,10.36,expired,3,21.03,1
short,20260108,19,000733,000733.SZ,振华科技,元器件,56.62,20260113,55.4,retracement,3,-2.15,0
short,20260108,22,300263,300263.SZ,隆华科技,专用机械,9.85,20260113,9.77,retracement,3,-0.81,0
short,20260108,24,300133,300133.SZ,华策影视,影视音像,8.58,20260113,9.64,retracement,3,12.35,1
short,20260108,25,600596,600596.SH,新安股份,化工原料,12.63,20260113,12.08,expired,3,-4.35,0
short,20260108,28,600590,600590.SH,泰豪科技,通信设备,10.39,20260113,10.08,retracement,3,-2.98,0
short,20260109,7,300036,300036.SZ,超图软件,软件服务,20.42,20260114,21.58,expired,3,5.68,1
short,20260109,22,600547,600547.SH,山东黄金,黄金,43.76,20260114,46.35,expired,3,5.92,1
short,20260109,28,600372,600372.SH,中航机载,航空,15.51,20260113,14.91,retracement,2,-3.87,0
short,20260109,33,002416,002416.SZ,爱施德,电器连锁,13.64,20260114,13.51,expired,3,-0.95,0
short,20260109,36,000733,000733.SZ,振华科技,元器件,56.88,20260113,55.4,retracement,2,-2.6,0
short,20260112,17,000501,000501.SZ,武商集团,百货,11.11,20260115,10.72,expired,3,-3.51,0
short,20260112,32,600773,600773.SH,西藏城投,区域地产,14.07,20260115,14.45,expired,3,2.7,1
short,20260112,40,000733,000733.SZ,振华科技,元器件,58.82,20260113,55.4,retracement,1,-5.81,0
short,20260112,43,603267,603267.SH,鸿远电子,元器件,60.0,20260113,56.26,retracement,1,-6.23,0
short,20260112,52,300783,300783.SZ,三只松鼠,食品,25.69,20260115,24.68,expired,3,-3.93,0
short,20260113,5,002206,002206.SZ,海利得,化纤,6.69,20260116,6.57,expired,3,-1.79,0
short,20260113,19,002708,002708.SZ,光洋股份,汽车配件,14.19,20260116,13.73,expired,3,-3.24,0
short,20260113,38,000829,000829.SZ,天音控股,其他商业,11.82,20260114,11.08,retracement,1,-6.26,0
short,20260113,53,000501,000501.SZ,武商集团,百货,10.85,20260116,10.5,expired,3,-3.23,0
short,20260113,64,603158,603158.SH,腾龙股份,汽车配件,11.09,20260116,10.71,expired,3,-3.43,0
short,20260114,13,002729,002729.SZ,好利科技,元器件,18.8,20260119,18.71,expired,3,-0.48,0
short,20260114,50,300905,300905.SZ,宝丽迪,染料涂料,36.44,20260119,35.89,expired,3,-1.51,0
short,20260114,53,603861,603861.SH,白云电器,电气设备,14.0,20260119,16.06,limit_up,3,14.71,1
short,20260114,57,300272,300272.SZ,开能健康,家用电器,8.2,20260119,7.75,expired,3,-5.49,0
short,20260114,72,301280,301280.SZ,珠城科技,元器件,59.12,20260119,60.55,expired,3,2.42,1
short,20260115,5,300590,300590.SZ,移为通信,通信设备,13.45,20260120,12.68,expired,3,-5.72,0
short,20260115,13,600714,600714.SH,金瑞矿业,化工原料,14.2,20260120,13.8,expired,3,-2.82,0
short,20260115,16,000338,000338.SZ,潍柴动力,汽车配件,20.2,20260120,21.6,expired,3,6.93,1
short,20260115,18,002281,002281.SZ,光迅科技,通信设备,78.5,20260120,69.42,stop_loss,3,-11.57,0
short,20260115,23,600237,600237.SH,铜峰电子,元器件,10.49,20260120,10.59,expired,3,0.95,1
short,20260116,3,000338,000338.SZ,潍柴动力,汽车配件,20.94,20260121,22.56,expired,3,7.74,1
short,20260116,18,605588,605588.SH,冠石科技,元器件,60.01,20260121,59.71,expired,3,-0.5,0
short,20260116,28,300161,300161.SZ,华中数控,机床制造,33.39,20260121,32.66,expired,3,-2.19,0
short,20260116,29,300988,300988.SZ,津荣天宇,机械基件,25.98,20260121,26.65,expired,3,2.58,1
short,20260116,30,600312,600312.SH,平高电气,电气设备,20.69,20260119,22.76,limit_up,1,10.0,1
short,20260119,24,002331,002331.SZ,皖通科技,软件服务,10.38,20260122,9.9,expired,3,-4.62,0
short,20260119,26,300809,300809.SZ,华辰装备,机床制造,41.57,20260122,42.24,expired,3,1.61,1
short,20260119,31,001207,001207.SZ,联科科技,化工原料,27.2,20260122,27.62,expired,3,1.54,1
short,20260119,32,600433,600433.SH,冠豪高新,造纸,3.47,20260122,3.52,expired,3,1.44,1
short,20260119,36,600348,600348.SH,华阳股份,煤炭开采,9.28,20260122,9.16,expired,3,-1.29,0
short,20260120,10,603199,603199.SH,九华旅游,旅游景点,44.53,20260123,43.6,expired,3,-2.09,0
short,20260120,32,002648,002648.SZ,卫星化学,化工原料,20.79,20260123,22.18,expired,3,6.69,1
short,20260120,40,002064,002064.SZ,华峰化学,化纤,13.39,20260123,12.78,retracement,3,-4.56,0
short,20260120,42,002004,002004.SZ,华邦健康,农药化肥,5.65,20260123,5.65,expired,3,0.0,0
short,20260120,47,600426,600426.SH,华鲁恒升,农药化肥,37.96,20260123,37.78,expired,3,-0.47,0
short,20260121,10,603638,603638.SH,艾迪精密,专用机械,22.48,20260126,22.5,expired,3,0.09,1
short,20260121,12,002271,002271.SZ,东方雨虹,其他建材,15.73,20260126,16.91,expired,3,7.5,1
short,20260121,24,002436,002436.SZ,兴森科技,元器件,25.45,20260126,24.49,expired,3,-3.77,0
short,20260121,33,002130,002130.SZ,沃尔核材,电气设备,30.95,20260126,33.34,expired,3,7.72,1
short,20260121,39,002654,002654.SZ,万润科技,互联网,16.32,20260126,15.8,expired,3,-3.19,0
short,20260122,1,300440,300440.SZ,运达科技,软件服务,14.46,20260127,15.35,expired,3,6.15,1
short,20260122,15,600158,600158.SH,中体产业,文教休闲,9.82,20260126,9.16,retracement,2,-6.72,0
short,20260122,21,301312,301312.SZ,智立方,专用机械,59.19,20260127,75.75,expired,3,27.98,1
short,20260122,22,603629,603629.SH,利通电子,元器件,33.1,20260127,34.65,expired,3,4.68,1
short,20260122,26,301580,301580.SZ,爱迪特,医疗保健,53.79,20260127,54.8,expired,3,1.88,1
short,20260123,6,603233,603233.SH,大参林,医药商业,21.27,20260128,19.8,expired,3,-6.91,0
short,20260123,17,605111,605111.SH,新洁能,半导体,42.8,20260128,48.47,expired,3,13.25,1
short,20260123,18,002079,002079.SZ,苏州固锝,电气设备,11.11,20260128,11.12,expired,3,0.09,1
short,20260123,21,002376,002376.SZ,新北洋,IT设备,8.24,20260128,7.97,expired,3,-3.28,0
short,20260123,25,600158,600158.SH,中体产业,文教休闲,9.86,20260126,9.16,retracement,1,-7.1,0
short,20260126,1,601108,601108.SH,财通证券,证券,9.46,20260129,9.46,expired,3,0.0,0
short,20260126,2,002142,002142.SZ,宁波银行,银行,30.29,20260129,31.06,expired,3,2.54,1
short,20260126,10,002950,002950.SZ,奥美医疗,医疗保健,12.92,20260129,11.78,stop_loss,3,-8.82,0
short,20260126,13,605111,605111.SH,新洁能,半导体,43.21,20260129,46.16,expired,3,6.83,1
short,20260126,22,605016,605016.SH,百龙创园,食品,24.98,20260129,24.08,retracement,3,-3.6,0
short,20260127,12,000815,000815.SZ,美利云,通信设备,12.98,20260128,14.28,limit_up,1,10.02,1
short,20260127,15,002296,002296.SZ,辉煌科技,通信设备,13.79,20260130,13.19,expired,3,-4.35,0
short,20260127,16,002815,002815.SZ,崇达技术,元器件,16.08,20260130,14.88,expired,3,-7.46,0
short,20260127,18,002142,002142.SZ,宁波银行,银行,30.55,20260130,30.95,expired,3,1.31,1
short,20260127,19,300508,300508.SZ,维宏股份,软件服务,44.72,20260128,41.47,retracement,1,-7.27,0
short,20260128,9,002385,002385.SZ,大北农,饲料,4.3,20260202,4.13,retracement,3,-3.95,0
short,20260128,11,301172,301172.SZ,君逸数码,软件服务,26.48,20260202,28.55,expired,3,7.82,1
short,20260128,12,600522,600522.SH,中天科技,通信设备,21.85,20260202,21.44,expired,3,-1.88,0
short,20260128,15,600959,600959.SH,江苏有线,影视音像,4.04,20260129,4.44,limit_up,1,9.9,1
short,20260128,26,002760,002760.SZ,凤形股份,机械基件,24.5,20260202,23.02,expired,3,-6.04,0
short,20260129,1,600621,600621.SH,华鑫股份,证券,16.96,20260203,16.63,expired,3,-1.95,0
short,20260129,14,002385,002385.SZ,大北农,饲料,4.42,20260202,4.13,retracement,2,-6.56,0
short,20260129,21,600111,600111.SH,北方稀土,小金属,56.11,20260130,51.59,stop_loss,1,-8.06,0
short,20260129,28,600054,600054.SH,黄山旅游,旅游景点,12.26,20260203,13.26,expired,3,8.16,1
short,20260129,32,600216,600216.SH,浙江医药,化学制药,14.88,20260203,14.72,expired,3,-1.08,0
short,20260130,5,002385,002385.SZ,大北农,饲料,4.59,20260202,4.13,stop_loss,1,-10.02,0
short,20260130,6,002531,002531.SZ,天顺风能,电气设备,7.87,20260204,8.8,expired,3,11.82,1
short,20260130,14,300251,300251.SZ,光线传媒,影视音像,19.56,20260204,19.12,retracement,3,-2.25,0
short,20260130,20,300176,300176.SZ,鸿特科技,汽车配件,7.52,20260204,7.67,expired,3,1.99,1
short,20260130,22,000778,000778.SZ,新兴铸管,钢加工,5.05,20260202,4.75,retracement,1,-5.94,0
short,20260202,4,002531,002531.SZ,天顺风能,电气设备,7.98,20260205,8.63,expired,3,8.15,1
short,20260202,8,603887,603887.SH,城地香江,软件服务,15.78,20260205,15.33,expired,3,-2.85,0
short,20260202,9,601599,601599.SH,浙文影业,纺织,4.58,20260204,4.45,retracement,2,-2.84,0
short,20260202,10,301086,301086.SZ,鸿富瀚,元器件,141.0,20260204,135.88,retracement,2,-3.63,0
short,20260202,13,000767,000767.SZ,晋控电力,火力发电,3.14,20260205,3.11,expired,3,-0.96,0
short,20260203,15,002395,002395.SZ,双象股份,塑料,20.47,20260206,20.02,expired,3,-2.2,0
short,20260203,19,300835,300835.SZ,龙磁科技,矿物制品,79.5,20260206,73.9,expired,3,-7.04,0
short,20260203,21,300398,300398.SZ,飞凯材料,化工原料,28.23,20260205,26.24,retracement,2,-7.05,0
short,20260203,22,000586,000586.SZ,汇源通信,通信设备,14.68,20260206,14.61,expired,3,-0.48,0
short,20260203,27,300541,300541.SZ,先进数通,软件服务,16.42,20260206,15.47,expired,3,-5.79,0
short,20260204,7,600621,600621.SH,华鑫股份,证券,17.02,20260209,16.92,expired,3,-0.59,0
short,20260204,8,603002,603002.SH,宏昌电子,化工原料,9.68,20260209,9.33,expired,3,-3.62,0
short,20260204,9,600054,600054.SH,黄山旅游,旅游景点,13.55,20260206,13.67,retracement,2,0.89,1
short,20260204,11,002283,002283.SZ,天润工业,汽车配件,7.98,20260209,8.35,expired,3,4.64,1
short,20260204,22,600710,600710.SH,苏美达,商贸代理,12.47,20260209,11.74,expired,3,-5.85,0
short,20260205,6,002644,002644.SZ,佛慈制药,中成药,10.02,20260210,9.43,expired,3,-5.89,0
short,20260205,10,002826,002826.SZ,易明医药,化学制药,21.46,20260210,20.8,expired,3,-3.08,0
short,20260205,11,603214,603214.SH,爱婴室,百货,18.54,20260210,18.68,expired,3,0.76,1
short,20260205,20,600897,600897.SH,厦门空港,机场,19.29,20260206,18.1,retracement,1,-6.17,0
short,20260205,25,300176,300176.SZ,鸿特科技,汽车配件,7.88,20260210,7.7,expired,3,-2.28,0
short,20260206,2,603612,603612.SH,索通发展,矿物制品,31.73,20260211,30.7,expired,3,-3.25,0
short,20260206,8,603867,603867.SH,新化股份,化工原料,31.26,20260211,32.61,expired,3,4.32,1
short,20260206,13,600763,600763.SH,通策医疗,医疗保健,49.72,20260211,48.86,expired,3,-1.73,0
short,20260206,18,603507,603507.SH,振江股份,电气设备,32.7,20260211,31.63,expired,3,-3.27,0
short,20260206,20,002826,002826.SZ,易明医药,化学制药,21.34,20260211,20.28,expired,3,-4.97,0
short,20260209,12,300217,300217.SZ,东方电热,家用电器,6.28,20260212,6.13,expired,3,-2.39,0
short,20260209,16,605088,605088.SH,冠盛股份,汽车配件,41.32,20260210,39.0,retracement,1,-5.61,0
short,20260209,22,600188,600188.SH,兖矿能源,煤炭开采,15.89,20260212,17.51,expired,3,10.2,1
short,20260209,26,301018,301018.SZ,申菱环境,专用机械,77.08,20260212,88.94,expired,3,15.39,1
short,20260209,38,600353,600353.SH,旭光电子,元器件,19.35,20260212,19.32,expired,3,-0.16,0
short,20260210,10,600216,600216.SH,浙江医药,化学制药,16.14,20260213,16.02,expired,3,-0.74,0
short,20260210,11,300556,300556.SZ,丝路视觉,软件服务,22.0,20260213,21.22,expired,3,-3.55,0
short,20260210,20,002296,002296.SZ,辉煌科技,通信设备,14.12,20260213,14.1,expired,3,-0.14,0
short,20260210,26,600188,600188.SH,兖矿能源,煤炭开采,15.89,20260213,17.35,expired,3,9.19,1
short,20260210,27,300217,300217.SZ,东方电热,家用电器,6.26,20260213,6.01,expired,3,-3.99,0
short,20260211,5,603960,603960.SH,克来机电,汽车配件,24.52,20260213,27.73,limit_up,2,13.09,1
short,20260211,11,600188,600188.SH,兖矿能源,煤炭开采,16.65,20260224,17.69,expired,3,6.25,1
short,20260211,20,600987,600987.SH,航民股份,纺织,8.62,20260224,8.47,expired,3,-1.74,0
short,20260211,25,603663,603663.SH,三祥新材,小金属,46.27,20260224,44.56,expired,3,-3.7,0
short,20260211,27,000822,000822.SZ,山东海化,化工原料,6.65,20260224,6.62,expired,3,-0.45,0
short,20260212,23,002929,002929.SZ,润建股份,通信设备,50.32,20260225,46.17,stop_loss,3,-8.25,0
short,20260212,26,000951,000951.SZ,中国重汽,汽车整车,21.65,20260225,20.69,expired,3,-4.43,0
short,20260212,30,002438,002438.SZ,江苏神通,机械基件,19.49,20260213,18.28,retracement,1,-6.21,0
short,20260212,31,603887,603887.SH,城地香江,软件服务,16.88,20260225,15.89,expired,3,-5.86,0
short,20260212,33,300881,300881.SZ,盛德鑫泰,钢加工,48.04,20260225,50.01,expired,3,4.1,1
short,20260213,10,300831,300831.SZ,派瑞股份,半导体,14.84,20260226,15.38,expired,3,3.64,1
short,20260213,22,000628,000628.SZ,高新发展,建筑工程,56.1,20260224,52.68,retracement,1,-6.1,0
short,20260213,25,000818,000818.SZ,航锦科技,化工原料,24.3,20260224,23.03,retracement,1,-5.23,0
short,20260213,28,301281,301281.SZ,科源制药,化学制药,37.51,20260226,42.75,expired,3,13.97,1
short,20260213,30,600418,600418.SH,江淮汽车,汽车整车,57.16,20260226,55.25,expired,3,-3.34,0
short,20260224,2,000779,000779.SZ,甘咨询,建筑工程,10.33,20260227,10.83,expired,3,4.84,1
short,20260224,3,300831,300831.SZ,派瑞股份,半导体,15.69,20260227,15.22,expired,3,-3.0,0
short,20260224,4,002859,002859.SZ,洁美科技,元器件,44.2,20260227,42.41,expired,3,-4.05,0
short,20260224,17,002432,002432.SZ,九安医疗,医疗保健,44.57,20260227,44.39,expired,3,-0.4,0
short,20260224,22,603005,603005.SH,晶方科技,半导体,34.1,20260227,34.09,expired,3,-0.03,0
short,20260225,2,000779,000779.SZ,甘咨询,建筑工程,10.52,20260302,10.16,retracement,3,-3.42,0
short,20260225,3,603115,603115.SH,海星股份,铝,28.47,20260302,30.91,limit_up,3,8.57,1
short,20260225,13,002797,002797.SZ,第一创业,证券,7.41,20260302,7.38,expired,3,-0.4,0
short,20260225,15,002730,002730.SZ,电光科技,专用机械,16.96,20260302,17.63,expired,3,3.95,1
short,20260225,17,601390,601390.SH,中国中铁,建筑工程,6.19,20260302,6.23,expired,3,0.65,1
short,20260226,4,000779,000779.SZ,甘咨询,建筑工程,10.49,20260302,10.16,retracement,2,-3.15,0
short,20260226,20,300241,300241.SZ,瑞丰光电,半导体,6.57,20260303,6.16,expired,3,-6.24,0
short,20260226,21,002730,002730.SZ,电光科技,专用机械,17.13,20260303,17.36,expired,3,1.34,1
short,20260226,22,300708,300708.SZ,聚灿光电,半导体,10.85,20260303,10.58,expired,3,-2.49,0
short,20260226,26,600684,600684.SH,珠江股份,区域地产,5.36,20260303,5.06,expired,3,-5.6,0
short,20260227,2,000779,000779.SZ,甘咨询,建筑工程,10.83,20260302,10.16,retracement,1,-6.19,0
short,20260227,3,300440,300440.SZ,运达科技,软件服务,17.86,20260303,16.75,retracement,2,-6.22,0
short,20260227,8,002730,002730.SZ,电光科技,专用机械,17.71,20260304,17.68,expired,3,-0.17,0
short,20260227,10,000582,000582.SZ,北部湾港,港口,11.41,20260304,11.06,expired,3,-3.07,0
short,20260227,18,301299,301299.SZ,卓创资讯,互联网,65.8,20260304,60.8,expired,3,-7.6,0
short,20260302,5,002797,002797.SZ,第一创业,证券,7.38,20260305,7.25,expired,3,-1.76,0
short,20260302,15,002377,002377.SZ,国创高新,其他建材,3.83,20260303,3.59,retracement,1,-6.27,0
short,20260302,19,600152,600152.SH,维科技术,电气设备,9.29,20260305,9.57,expired,3,3.01,1
short,20260302,20,002730,002730.SZ,电光科技,专用机械,17.63,20260305,17.64,expired,3,0.06,1
short,20260302,21,600206,600206.SH,有研新材,半导体,25.75,20260303,24.14,retracement,1,-6.25,0
short,20260303,8,600511,600511.SH,国药股份,医药商业,29.95,20260306,30.0,expired,3,0.17,1
short,20260303,12,002986,002986.SZ,宇新股份,化工原料,14.74,20260305,16.01,limit_up,2,8.62,1
short,20260303,18,600566,600566.SH,济川药业,中成药,28.36,20260306,27.75,expired,3,-2.15,0
short,20260303,20,301087,301087.SZ,可孚医疗,医疗保健,58.3,20260306,59.05,expired,3,1.29,1
short,20260303,24,000729,000729.SZ,燕京啤酒,啤酒,13.25,20260306,13.06,expired,3,-1.43,0
short,20260304,1,300782,300782.SZ,卓胜微,半导体,82.3,20260309,81.0,expired,3,-1.58,0
short,20260304,14,301571,301571.SZ,国科天成,元器件,61.81,20260309,63.41,expired,3,2.59,1
short,20260304,16,002281,002281.SZ,光迅科技,通信设备,77.85,20260309,78.33,expired,3,0.62,1
short,20260304,25,600406,600406.SH,国电南瑞,电气设备,28.6,20260309,31.52,expired,3,10.21,1
short,20260304,30,002730,002730.SZ,电光科技,专用机械,17.68,20260309,19.17,limit_up,3,8.43,1
short,20260305,5,300782,300782.SZ,卓胜微,半导体,82.77,20260310,85.2,expired,3,2.94,1
short,20260305,18,600406,600406.SH,国电南瑞,电气设备,29.51,20260310,30.8,expired,3,4.37,1
short,20260305,21,301571,301571.SZ,国科天成,元器件,62.99,20260310,62.22,expired,3,-1.22,0
short,20260305,23,002281,002281.SZ,光迅科技,通信设备,78.92,20260310,86.16,limit_up,3,9.17,1
short,20260305,28,603070,603070.SH,万控智造,电气设备,16.89,20260310,17.39,expired,3,2.96,1
short,20260306,13,600216,600216.SH,浙江医药,化学制药,18.38,20260310,16.75,stop_loss,2,-8.87,0
short,20260306,16,600406,600406.SH,国电南瑞,电气设备,30.01,20260311,30.7,expired,3,2.3,1
short,20260306,17,300829,300829.SZ,金丹科技,食品,20.43,20260311,21.33,expired,3,4.41,1
short,20260306,31,300782,300782.SZ,卓胜微,半导体,82.22,20260311,84.15,expired,3,2.35,1
short,20260306,32,002452,002452.SZ,长高电新,电气设备,12.08,20260311,12.88,expired,3,6.62,1
short,20260309,4,301042,301042.SZ,安联锐视,IT设备,95.03,20260312,97.95,expired,3,3.07,1
short,20260309,9,300185,300185.SZ,通裕重工,工程机械,3.3,20260312,3.51,expired,3,6.36,1
short,20260309,11,600406,600406.SH,国电南瑞,电气设备,31.52,20260312,30.22,expired,3,-4.12,0
short,20260309,14,001309,001309.SZ,德明利,半导体,280.0,20260312,293.5,expired,3,4.82,1
short,20260309,23,600645,600645.SH,中源协和,医疗保健,30.79,20260312,31.03,expired,3,0.78,1
short,20260310,6,603991,603991.SH,至正股份,半导体,105.49,20260312,102.4,retracement,2,-2.93,0
short,20260310,10,300185,300185.SZ,通裕重工,工程机械,3.36,20260313,4.21,limit_up,3,25.3,1
short,20260310,11,301568,301568.SZ,思泰克,专用机械,60.26,20260313,57.07,expired,3,-5.29,0
short,20260310,13,300782,300782.SZ,卓胜微,半导体,85.2,20260313,79.59,expired,3,-6.58,0
short,20260310,29,300180,300180.SZ,华峰超纤,化纤,6.91,20260313,6.78,retracement,3,-1.88,0
short,20260311,1,300643,300643.SZ,万通智控,汽车配件,23.03,20260316,21.76,expired,3,-5.51,0
short,20260311,4,603991,603991.SH,至正股份,半导体,108.49,20260312,102.4,retracement,1,-5.61,0
short,20260311,16,301115,301115.SZ,联检科技,建筑工程,22.98,20260316,21.69,expired,3,-5.61,0
short,20260311,18,600131,600131.SH,国网信通,通信设备,22.6,20260313,22.03,retracement,2,-2.52,0
short,20260311,19,301479,301479.SZ,弘景光电,元器件,98.25,20260316,99.09,expired,3,0.85,1
short,20260312,7,600982,600982.SH,宁波能源,供气供热,5.37,20260317,5.01,expired,3,-6.7,0
short,20260312,15,603098,603098.SH,森特股份,装修装饰,17.12,20260317,15.78,expired,3,-7.83,0
short,20260312,21,002366,002366.SZ,融发核电,专用机械,8.63,20260316,8.36,retracement,2,-3.13,0
short,20260312,22,002322,002322.SZ,理工能科,软件服务,15.01,20260317,13.56,stop_loss,3,-9.66,0
short,20260312,23,601139,601139.SH,深圳燃气,供气供热,7.83,20260317,7.27,expired,3,-7.15,0
short,20260313,11,600015,600015.SH,华夏银行,银行,7.16,20260318,7.24,expired,3,1.12,1
short,20260313,16,300850,300850.SZ,新强联,机械基件,53.26,20260318,50.15,expired,3,-5.84,0
short,20260313,17,300518,300518.SZ,新迅达,互联网,21.11,20260318,21.31,expired,3,0.95,1
short,20260313,20,603701,603701.SH,德宏股份,汽车配件,23.4,20260316,21.82,retracement,1,-6.75,0
short,20260313,24,601952,601952.SH,苏垦农发,种植业,10.59,20260318,10.34,expired,3,-2.36,0
short,20260316,15,301479,301479.SZ,弘景光电,元器件,99.09,20260319,96.16,expired,3,-2.96,0
short,20260316,20,300050,300050.SZ,世纪鼎利,通信设备,6.52,20260319,6.56,expired,3,0.61,1
short,20260316,30,300214,300214.SZ,日科化学,化工原料,8.32,20260317,7.88,retracement,1,-5.29,0
short,20260316,32,600873,600873.SH,梅花生物,食品,12.83,20260319,11.87,expired,3,-7.48,0
short,20260316,34,002192,002192.SZ,融捷股份,小金属,57.92,20260319,52.32,stop_loss,3,-9.67,0
short,20260317,2,300400,300400.SZ,劲拓股份,专用机械,23.86,20260320,23.55,expired,3,-1.3,0
short,20260317,14,603211,603211.SH,晋拓股份,汽车配件,24.21,20260319,23.6,retracement,2,-2.52,0
short,20260317,18,000723,000723.SZ,美锦能源,焦炭加工,5.54,20260320,5.04,stop_loss,3,-9.03,0
short,20260317,23,600285,600285.SH,羚锐制药,中成药,22.35,20260320,22.49,expired,3,0.63,1
short,20260317,25,002645,002645.SZ,华宏科技,专用机械,17.35,20260319,16.19,retracement,2,-6.69,0
short,20260318,6,300050,300050.SZ,世纪鼎利,通信设备,6.59,20260323,6.42,expired,3,-2.58,0
short,20260318,11,300432,300432.SZ,富临精工,汽车配件,19.58,20260323,22.26,expired,3,13.69,1
short,20260318,15,601026,601026.SH,道生天合,电气设备,22.63,20260320,20.52,stop_loss,2,-9.32,0
short,20260318,21,301308,301308.SZ,江波龙,半导体,359.3,20260320,330.1,stop_loss,2,-8.13,0
short,20260318,25,300231,300231.SZ,银信科技,软件服务,11.98,20260323,11.98,expired,3,0.0,0
short,20260319,10,300231,300231.SZ,银信科技,软件服务,12.26,20260324,12.71,expired,3,3.67,1
short,20260319,11,000856,000856.SZ,冀东装备,专用机械,11.76,20260324,11.1,retracement,3,-5.61,0
short,20260319,12,300432,300432.SZ,富临精工,汽车配件,19.79,20260324,23.26,expired,3,17.53,1
short,20260319,19,300142,300142.SZ,沃森生物,生物制药,12.39,20260323,11.7,retracement,2,-5.57,0
short,20260319,26,002840,002840.SZ,华统股份,食品,10.49,20260324,10.67,expired,3,1.72,1
short,20260320,4,300050,300050.SZ,世纪鼎利,通信设备,6.6,20260325,6.81,expired,3,3.18,1
short,20260320,10,002183,002183.SZ,怡亚通,仓储物流,5.37,20260325,5.49,expired,3,2.23,1
short,20260320,13,002810,002810.SZ,山东赫达,化工原料,20.41,20260325,20.81,expired,3,1.96,1
short,20260320,18,000045,000045.SZ,深纺织Ａ,元器件,13.6,20260323,12.73,retracement,1,-6.4,0
short,20260320,32,301266,301266.SZ,宇邦新材,电气设备,54.11,20260323,49.19,stop_loss,1,-9.09,0
short,20260323,2,002840,002840.SZ,华统股份,食品,10.72,20260326,10.98,expired,3,2.43,1
short,20260323,16,300231,300231.SZ,银信科技,软件服务,11.98,20260326,12.2,retracement,3,1.84,1
short,20260323,24,300207,300207.SZ,欣旺达,电气设备,28.0,20260326,27.77,expired,3,-0.82,0
short,20260323,33,002025,002025.SZ,航天电器,元器件,62.66,20260326,61.98,expired,3,-1.09,0
short,20260323,128,000983,000983.SZ,山西焦煤,煤炭开采,7.55,20260326,7.08,expired,3,-6.23,0
short,20260324,1,300432,300432.SZ,富临精工,制造业-汽车制造业,22.79,20260327,25.06,expired,3,9.96,1
short,20260324,2,600666,600666.SH,奥瑞德,制造业-非金属矿物制品业,5.28,20260325,5.28,limit_up,1,0.0,0
short,20260324,3,603538,603538.SH,美诺华,制造业-医药制造业,32.38,20260325,32.38,limit_up,1,0.0,0
short,20260324,4,601218,601218.SH,吉鑫科技,制造业-金属制品业,7.69,20260326,7.3,retracement,2,-5.07,0
short,20260324,5,002902,002902.SZ,铭普光磁,制造业-计算机、通信和其他电子设备制造业,25.95,20260325,25.95,limit_up,1,0.0,0
short,20260325,1,300432,300432.SZ,富临精工,制造业-汽车制造业,22.79,20260330,24.59,expired,3,7.9,1
short,20260325,2,600666,600666.SH,奥瑞德,制造业-非金属矿物制品业,5.28,20260327,6.08,limit_up,2,15.15,1
short,20260325,3,603538,603538.SH,美诺华,制造业-医药制造业,32.38,20260326,35.62,limit_up,1,10.01,1
short,20260325,4,601218,601218.SH,吉鑫科技,制造业-金属制品业,7.69,20260326,7.3,retracement,1,-5.07,0
short,20260325,5,002902,002902.SZ,铭普光磁,制造业-计算机、通信和其他电子设备制造业,25.95,20260326,28.55,limit_up,1,10.02,1
short,20260326,1,002733,002733.SZ,雄韬股份,制造业-电气机械和器材制造业,26.7,20260331,24.52,stop_loss,3,-8.16,0
short,20260326,2,002738,002738.SZ,中矿资源,制造业-有色金属冶炼和压延加工业,68.22,20260331,74.3,expired,3,8.91,1
short,20260326,3,002705,002705.SZ,新宝股份,制造业-电气机械和器材制造业,14.77,20260331,14.85,expired,3,0.54,1
short,20260326,4,002709,002709.SZ,天赐材料,制造业-计算机、通信和其他电子设备制造业,44.49,20260331,46.0,expired,3,3.39,1
short,20260326,5,002729,002729.SZ,好利科技,制造业-计算机、通信和其他电子设备制造业,19.85,20260331,18.84,expired,3,-5.09,0
short,20260327,1,300342,300342.SZ,天银机电,制造业-通用设备制造业,50.0,20260331,51.08,retracement,2,2.16,1
short,20260327,2,600666,600666.SH,奥瑞德,制造业-非金属矿物制品业,6.08,20260331,5.7,retracement,2,-6.25,0
short,20260327,3,603906,603906.SH,龙蟠科技,制造业-计算机、通信和其他电子设备制造业,22.41,20260401,21.88,expired,3,-2.37,0
short,20260327,4,603026,603026.SH,石大胜华,制造业-化学原料和化学制品制造业,93.85,20260331,86.65,retracement,2,-7.67,0
short,20260327,5,300497,300497.SZ,富祥药业,制造业-医药制造业,19.09,20260331,18.15,retracement,2,-4.92,0
short,20260330,2,003026,003026.SZ,中晶科技,半导体,36.58,20260402,34.52,expired,3,-5.63,0
short,20260330,8,000045,000045.SZ,深纺织Ａ,元器件,14.55,20260402,12.77,stop_loss,3,-12.23,0
short,20260330,10,601952,601952.SH,苏垦农发,种植业,10.82,20260331,10.2,retracement,1,-5.73,0
short,20260330,11,300022,300022.SZ,吉峰科技,农用机械,9.26,20260402,10.2,expired,3,10.15,1
short,20260330,21,603288,603288.SH,海天味业,食品,40.34,20260402,42.22,expired,3,4.66,1
short,20260331,1,601988,601988.SH,中国银行,银行,5.87,20260403,5.82,expired,3,-0.85,0
short,20260331,2,002460,002460.SZ,赣锋锂业,小金属,78.38,20260403,79.75,expired,3,1.75,1
short,20260331,17,300464,300464.SZ,星徽股份,机械基件,7.88,20260403,7.76,retracement,3,-1.52,0
short,20260331,23,002655,002655.SZ,共达电声,元器件,18.1,20260403,18.75,expired,3,3.59,1
short,20260331,27,603288,603288.SH,海天味业,食品,41.0,20260403,41.69,expired,3,1.68,1
short,20260401,6,300464,300464.SZ,星徽股份,机械基件,8.23,20260403,7.76,retracement,2,-5.71,0
short,20260401,12,002655,002655.SZ,共达电声,元器件,18.68,20260407,19.01,expired,3,1.77,1
short,20260401,13,601000,601000.SH,唐山港,港口,4.75,20260407,4.71,expired,3,-0.84,0
short,20260401,24,300022,300022.SZ,吉峰科技,农用机械,9.55,20260407,10.0,expired,3,4.71,1
short,20260401,27,601988,601988.SH,中国银行,银行,5.87,20260407,5.8,expired,3,-1.19,0
short,20260402,3,300022,300022.SZ,吉峰科技,农用机械,10.2,20260408,10.11,expired,3,-0.88,0
short,20260402,10,300464,300464.SZ,星徽股份,机械基件,8.19,20260403,7.76,retracement,1,-5.25,0
short,20260402,13,601988,601988.SH,中国银行,银行,5.94,20260408,5.74,expired,3,-3.37,0
short,20260402,14,600158,600158.SH,中体产业,文教休闲,11.59,20260403,10.79,retracement,1,-6.9,0
short,20260402,15,600428,600428.SH,中远海特,水运,9.6,20260408,9.41,expired,3,-1.98,0
short,20260403,4,002655,002655.SZ,共达电声,元器件,18.75,20260409,21.16,expired,3,12.85,1
short,20260403,13,301186,301186.SZ,超达装备,专用机械,58.9,20260409,61.73,expired,3,4.8,1
short,20260403,17,000729,000729.SZ,燕京啤酒,啤酒,13.87,20260409,14.01,expired,3,1.01,1
short,20260403,21,601000,601000.SH,唐山港,港口,4.71,20260409,4.72,expired,3,0.21,1
short,20260403,46,600867,600867.SH,通化东宝,生物制药,9.9,20260409,9.65,expired,3,-2.53,0
short,20260407,6,002990,002990.SZ,盛视科技,软件服务,31.3,20260410,34.0,expired,3,8.63,1
short,20260407,7,603227,603227.SH,雪峰科技,化工原料,10.27,20260410,10.49,expired,3,2.14,1
short,20260407,14,002655,002655.SZ,共达电声,元器件,19.01,20260410,21.58,expired,3,13.52,1
short,20260407,21,301349,301349.SZ,信德新材,化工原料,57.37,20260410,58.91,expired,3,2.68,1
short,20260407,31,000729,000729.SZ,燕京啤酒,啤酒,14.11,20260410,14.26,expired,3,1.06,1
short,20260408,10,000729,000729.SZ,燕京啤酒,啤酒,14.13,20260413,13.96,expired,3,-1.2,0
short,20260408,14,002655,002655.SZ,共达电声,元器件,19.99,20260413,21.21,expired,3,6.1,1
short,20260408,31,605319,605319.SH,无锡振华,汽车配件,27.28,20260413,29.25,expired,3,7.22,1
short,20260408,33,300489,300489.SZ,光智科技,专用机械,51.2,20260409,61.44,limit_up,1,20.0,1
short,20260408,37,003026,003026.SZ,中晶科技,半导体,36.76,20260413,36.32,expired,3,-1.2,0
short,20260409,1,000155,000155.SZ,川能动力,新型电力,17.17,20260414,16.92,expired,3,-1.46,0
short,20260409,8,603124,603124.SH,江南新材,铜,117.0,20260414,121.15,expired,3,3.55,1
short,20260409,32,605319,605319.SH,无锡振华,汽车配件,27.83,20260414,28.99,expired,3,4.17,1
short,20260409,44,603897,603897.SH,长城科技,电气设备,36.48,20260413,40.87,limit_up,2,12.03,1
short,20260409,67,603202,603202.SH,天有为,汽车配件,96.55,20260414,99.56,expired,3,3.12,1
short,20260410,26,603897,603897.SH,长城科技,电气设备,37.15,20260413,40.87,limit_up,1,10.01,1
short,20260410,34,605319,605319.SH,无锡振华,汽车配件,28.62,20260415,29.88,expired,3,4.4,1
short,20260410,44,605222,605222.SH,起帆电缆,电气设备,24.65,20260415,25.8,limit_up,3,4.67,1
short,20260410,69,603985,603985.SH,恒润股份,电气设备,21.16,20260415,22.31,expired,3,5.43,1
short,20260410,89,002408,002408.SZ,齐翔腾达,化工原料,7.01,20260415,6.8,expired,3,-3.0,0
short,20260413,6,002990,002990.SZ,盛视科技,软件服务,34.8,20260414,38.28,limit_up,1,10.0,1
short,20260413,20,301228,301228.SZ,实朴检测,电器仪表,47.89,20260416,53.26,expired,3,11.21,1
short,20260413,24,603281,603281.SH,江瀚新材,化工原料,36.22,20260416,36.18,expired,3,-0.11,0
short,20260413,44,000019,000019.SZ,深粮控股,农业综合,8.3,20260416,7.77,expired,3,-6.39,0
short,20260413,56,000951,000951.SZ,中国重汽,汽车整车,26.43,20260414,24.13,stop_loss,1,-8.7,0
short,20260416,5,002128,002128.SZ,电投能源,煤炭开采,33.8,20260421,33.47,expired,3,-0.98,0
short,20260416,7,300750,300750.SZ,宁德时代,电气设备,453.98,20260421,447.6,expired,3,-1.41,0
short,20260416,36,000792,000792.SZ,盐湖股份,农药化肥,38.51,20260421,37.49,expired,3,-2.65,0
short,20260416,52,300442,300442.SZ,润泽科技,软件服务,95.78,20260421,90.05,retracement,3,-5.98,0
short,20260416,62,600867,600867.SH,通化东宝,生物制药,10.41,20260421,9.75,expired,3,-6.34,0
short,20260417,13,601208,601208.SH,东材科技,化工原料,36.73,20260422,36.64,expired,3,-0.25,0
short,20260417,30,002132,002132.SZ,恒星科技,钢加工,4.54,20260422,4.59,expired,3,1.1,1
short,20260417,41,605208,605208.SH,永茂泰,铝,15.11,20260422,15.84,expired,3,4.83,1
short,20260417,48,002183,002183.SZ,怡亚通,仓储物流,6.12,20260422,6.02,expired,3,-1.63,0
short,20260417,54,002034,002034.SZ,旺能环境,环境保护,19.41,20260422,18.84,expired,3,-2.94,0
short,20260420,45,601179,601179.SH,中国西电,电气设备,18.22,20260423,18.02,expired,3,-1.1,0
short,20260420,63,300693,300693.SZ,盛弘股份,电气设备,52.54,20260423,48.8,expired,3,-7.12,0
short,20260420,72,300511,300511.SZ,雪榕生物,种植业,7.5,20260423,7.55,expired,3,0.67,1
short,20260420,88,603077,603077.SH,和邦生物,化工原料,3.26,20260421,3.03,retracement,1,-7.06,0
short,20260420,113,603409,603409.SH,汇通控股,汽车配件,43.53,20260423,42.02,expired,3,-3.47,0
short,20260421,6,002458,002458.SZ,益生股份,农业综合,11.12,20260424,10.97,expired,3,-1.35,0
short,20260421,15,001286,001286.SZ,陕西能源,火力发电,11.77,20260424,11.42,expired,3,-2.97,0
short,20260421,25,600236,600236.SH,桂冠电力,水力发电,10.47,20260424,9.75,expired,3,-6.88,0
short,20260421,48,002128,002128.SZ,电投能源,煤炭开采,33.47,20260424,32.74,expired,3,-2.18,0
short,20260421,90,600546,600546.SH,山煤国际,煤炭开采,12.18,20260424,12.57,expired,3,3.2,1
short,20260422,28,601311,601311.SH,骆驼股份,电气设备,10.87,20260427,10.11,expired,3,-6.99,0
short,20260422,29,002458,002458.SZ,益生股份,农业综合,11.12,20260427,10.88,expired,3,-2.16,0
short,20260422,81,000938,000938.SZ,紫光股份,IT设备,29.92,20260427,32.19,expired,3,7.59,1
short,20260422,87,300018,300018.SZ,中元股份,电气设备,14.5,20260427,14.3,expired,3,-1.38,0
short,20260422,91,000829,000829.SZ,天音控股,其他商业,11.54,20260427,11.54,expired,3,0.0,0
short,20260423,1,300776,300776.SZ,帝尔激光,制造业-专用设备制造业,114.05,20260428,109.4,expired,3,-4.08,0
short,20260423,2,603278,603278.SH,大业股份,制造业-金属制品业,12.79,20260424,12.45,retracement,1,-2.66,0
short,20260423,3,603139,603139.SH,康惠股份,制造业-医药制造业,35.48,20260428,33.44,expired,3,-5.75,0
short,20260423,4,300540,300540.SZ,蜀道装备,制造业-通用设备制造业,30.15,20260428,36.12,limit_up,3,19.8,1
short,20260423,5,600961,600961.SH,株冶集团,制造业-有色金属冶炼和压延加工业,28.19,20260428,27.39,retracement,3,-2.84,0
short,20260424,2,300511,300511.SZ,雪榕生物,种植业,7.63,20260429,8.24,expired,3,7.99,1
short,20260424,27,301239,301239.SZ,普瑞眼科,医疗保健,42.84,20260429,45.2,expired,3,5.51,1
short,20260424,72,300005,300005.SZ,探路者,服饰,16.11,20260429,16.76,expired,3,4.03,1
short,20260424,76,300035,300035.SZ,中科电气,电气设备,24.91,20260429,22.39,stop_loss,3,-10.12,0
short,20260424,78,603938,603938.SH,三孚股份,化工原料,29.78,20260429,29.2,expired,3,-1.95,0
short,20260427,1,002176,002176.SZ,江特电机,制造业-有色金属冶炼和压延加工业,14.12,20260429,16.09,limit_up,2,13.95,1
short,20260427,2,300721,300721.SZ,怡达股份,制造业-化学原料和化学制品制造业,22.04,20260430,20.0,stop_loss,3,-9.26,0
short,20260427,3,300434,300434.SZ,金石亚药,制造业-医药制造业,11.54,20260430,11.44,expired,3,-0.87,0
short,20260427,4,600338,600338.SH,西藏珠峰,采矿业-有色金属矿采选业,24.83,20260429,27.61,limit_up,2,11.2,1
short,20260427,5,002407,002407.SZ,多氟多,制造业-化学原料和化学制品制造业,33.95,20260430,36.31,expired,3,6.95,1
short,20260428,1,301261,301261.SZ,恒工精密,制造业-通用设备制造业,89.76,20260506,88.08,expired,3,-1.87,0
short,20260428,2,603399,603399.SH,永杉锂业,制造业-有色金属冶炼和压延加工业,16.03,20260429,17.63,limit_up,1,9.98,1
short,20260428,3,300209,300209.SZ,行云科技,批发和零售业-零售业,14.19,20260429,17.03,limit_up,1,20.01,1
short,20260428,4,301248,301248.SZ,杰创智能,信息传输、软件和信息技术服务业-软件和信息技术服务业,86.35,20260506,88.04,expired,3,1.96,1
short,20260428,5,601789,601789.SH,宁波建工,建筑业-土木工程建筑业,5.98,20260506,6.15,expired,3,2.84,1
short,20260429,6,300073,300073.SZ,当升科技,电气设备,64.97,20260507,63.58,expired,3,-2.14,0
short,20260429,14,600884,600884.SH,杉杉股份,电气设备,16.9,20260507,16.99,expired,3,0.53,1
short,20260429,15,300511,300511.SZ,雪榕生物,种植业,8.24,20260507,7.84,expired,3,-4.85,0
short,20260429,27,000833,000833.SZ,粤桂股份,综合类,28.84,20260430,31.72,limit_up,1,9.99,1
short,20260429,30,000155,000155.SZ,川能动力,新型电力,19.25,20260430,17.42,stop_loss,1,-9.51,0
short,20260430,1,300632,300632.SZ,光莆股份,制造业-电气机械和器材制造业,24.47,20260508,24.99,expired,3,2.13,1
short,20260430,2,300769,300769.SZ,德方纳米,制造业-计算机、通信和其他电子设备制造业,74.6,20260508,78.96,expired,3,5.84,1
short,20260430,3,600379,600379.SH,宝光股份,制造业-电气机械和器材制造业,16.78,20260506,18.46,limit_up,1,10.01,1
short,20260430,4,002990,002990.SZ,盛视科技,信息传输、软件和信息技术服务业-软件和信息技术服务业,53.83,20260507,64.25,limit_up,2,19.36,1
short,20260430,5,002805,002805.SZ,丰元股份,制造业-计算机、通信和其他电子设备制造业,22.85,20260506,25.14,limit_up,1,10.02,1
short,20260506,1,000783,000783.SZ,长江证券,金融业-资本市场服务,8.79,20260507,8.34,retracement,1,-5.12,0
short,20260506,2,300254,300254.SZ,仟源医药,制造业-医药制造业,14.68,20260511,14.6,expired,3,-0.54,0
short,20260506,3,000815,000815.SZ,美利云,制造业-造纸和纸制品业,20.92,20260511,21.84,expired,3,4.4,1
short,20260506,4,002283,002283.SZ,天润工业,制造业-汽车制造业,12.35,20260508,11.35,stop_loss,2,-8.1,0
short,20260506,5,002428,002428.SZ,云南锗业,制造业-有色金属冶炼和压延加工业,77.01,20260511,92.2,expired,3,19.72,1
short,20260507,1,600539,600539.SH,狮头股份,批发和零售业-零售业,20.59,20260511,19.23,retracement,2,-6.61,0
short,20260507,2,000060,000060.SZ,中金岭南,制造业-有色金属冶炼和压延加工业,8.08,20260512,7.76,retracement,3,-3.96,0
short,20260507,3,301316,301316.SZ,慧博云通,信息传输、软件和信息技术服务业-软件和信息技术服务业,58.35,20260512,58.39,expired,3,0.07,1
short,20260507,4,002317,002317.SZ,众生药业,制造业-医药制造业,20.49,20260508,22.54,limit_up,1,10.0,1
short,20260507,5,000889,000889.SZ,中嘉博创,信息传输、软件和信息技术服务业-软件和信息技术服务业,5.35,20260512,5.06,expired,3,-5.42,0
short,20260508,1,301118,301118.SZ,恒光股份,制造业-化学原料和化学制品制造业,29.98,20260513,31.7,expired,3,5.74,1
short,20260508,2,002050,002050.SZ,三花智控,制造业-通用设备制造业,51.69,20260513,51.5,expired,3,-0.37,0
short,20260508,3,603085,603085.SH,天成自控,制造业-汽车制造业,13.56,20260513,13.87,expired,3,2.29,1
short,20260508,4,002079,002079.SZ,苏州固锝,制造业-计算机、通信和其他电子设备制造业,12.39,20260513,12.86,expired,3,3.79,1
short,20260508,5,603051,603051.SH,鹿山新材,制造业-橡胶和塑料制品业,24.77,20260513,24.95,expired,3,0.73,1
short,20260511,1,605111,605111.SH,新洁能,制造业-计算机、通信和其他电子设备制造业,46.29,20260514,49.7,expired,3,7.37,1
short,20260511,2,603375,603375.SH,盛景微,制造业-计算机、通信和其他电子设备制造业,48.63,20260514,48.88,expired,3,0.51,1
short,20260511,3,300537,300537.SZ,广信材料,制造业-化学原料和化学制品制造业,25.08,20260514,25.92,expired,3,3.35,1
short,20260511,4,002185,002185.SZ,华天科技,制造业-计算机、通信和其他电子设备制造业,14.38,20260514,14.26,expired,3,-0.83,0
short,20260511,5,300085,300085.SZ,银之杰,信息传输、软件和信息技术服务业-软件和信息技术服务业,42.0,20260514,41.8,expired,3,-0.48,0
short,20260512,1,000737,000737.SZ,北方铜业,制造业-有色金属冶炼和压延加工业,16.0,20260515,14.54,stop_loss,3,-9.13,0
short,20260512,2,000966,000966.SZ,长源电力,电力、热力、燃气及水生产和供应业-电力、热力生产和供应业,5.08,20260515,4.87,expired,3,-4.13,0
short,20260512,3,301123,301123.SZ,奕东电子,制造业-计算机、通信和其他电子设备制造业,75.65,20260514,71.9,retracement,2,-4.96,0
short,20260512,4,603530,603530.SH,神马电力,制造业-电气机械和器材制造业,69.11,20260514,63.4,stop_loss,2,-8.26,0
short,20260512,5,600089,600089.SH,特变电工,制造业-电气机械和器材制造业,29.18,20260515,26.92,expired,3,-7.75,0
short,20260513,32,301172,301172.SZ,君逸数码,软件服务,36.72,20260518,35.09,expired,3,-4.44,0
short,20260513,54,300976,300976.SZ,达瑞电子,元器件,71.96,20260518,77.18,expired,3,7.25,1
short,20260513,64,301021,301021.SZ,英诺激光,专用机械,70.16,20260518,76.02,expired,3,8.35,1
short,20260513,68,300786,300786.SZ,国林科技,环境保护,17.7,20260518,19.13,expired,3,8.08,1
short,20260513,75,603165,603165.SH,荣晟环保,造纸,19.79,20260514,18.62,retracement,1,-5.91,0
short,20260515,24,300504,300504.SZ,天邑股份,通信设备,18.89,20260520,18.54,expired,3,-1.85,0
short,20260515,40,300786,300786.SZ,国林科技,环境保护,18.52,20260520,20.1,expired,3,8.53,1
short,20260515,49,300041,300041.SZ,回天新材,化工原料,12.4,20260520,12.67,expired,3,2.18,1
short,20260515,56,301555,301555.SZ,惠柏新材,化工原料,39.97,20260520,42.2,expired,3,5.58,1
short,20260515,93,301149,301149.SZ,隆华新材,化工原料,14.47,20260518,13.72,retracement,1,-5.18,0
short,20260518,40,301555,301555.SZ,惠柏新材,化工原料,41.8,20260521,39.42,retracement,3,-5.69,0
short,20260518,46,002068,002068.SZ,黑猫股份,化工原料,10.34,20260521,10.03,expired,3,-3.0,0
short,20260518,52,601728,601728.SH,中国电信,电信运营,6.82,20260520,6.66,retracement,2,-2.35,0
short,20260518,73,300050,300050.SZ,世纪鼎利,通信设备,8.02,20260521,7.08,stop_loss,3,-11.72,0
short,20260518,85,600784,600784.SH,鲁银投资,综合类,7.93,20260521,7.95,expired,3,0.25,1
short,20260519,21,300556,300556.SZ,丝路视觉,软件服务,22.44,20260522,21.04,expired,3,-6.24,0
short,20260519,24,603344,603344.SH,星德胜,电气设备,32.83,20260522,32.0,expired,3,-2.53,0
short,20260519,27,600006,600006.SH,东风股份,汽车整车,6.78,20260522,6.5,expired,3,-4.13,0
short,20260519,28,301589,301589.SZ,诺瓦星云,IT设备,188.59,20260521,179.52,retracement,2,-4.81,0
short,20260519,49,300710,300710.SZ,万隆光电,通信设备,36.17,20260522,37.55,expired,3,3.82,1
short,20260520,19,301026,301026.SZ,浩通科技,小金属,33.83,20260525,35.39,expired,3,4.61,1
short,20260520,29,603344,603344.SH,星德胜,电气设备,32.42,20260525,31.72,expired,3,-2.16,0
short,20260520,30,000962,000962.SZ,东方钽业,小金属,55.04,20260522,62.25,limit_up,2,13.1,1
short,20260520,69,600835,600835.SH,上海机电,运输设备,26.34,20260525,25.08,expired,3,-4.78,0
short,20260520,78,300710,300710.SZ,万隆光电,通信设备,36.74,20260525,38.68,expired,3,5.28,1
short,20260521,5,600888,600888.SH,新疆众和,铝,9.37,20260522,10.31,limit_up,1,10.03,1
short,20260521,7,600006,600006.SH,东风股份,汽车整车,6.55,20260526,6.35,expired,3,-3.05,0
short,20260521,29,301026,301026.SZ,浩通科技,小金属,33.85,20260526,35.95,expired,3,6.2,1
short,20260521,38,300955,300955.SZ,嘉亨家化,日用化工,49.23,20260526,47.61,expired,3,-3.29,0
short,20260521,41,603344,603344.SH,星德胜,电气设备,31.79,20260526,32.14,expired,3,1.1,1
short,20260522,15,301026,301026.SZ,浩通科技,小金属,35.71,20260527,33.91,retracement,3,-5.04,0
short,20260522,37,603344,603344.SH,星德胜,电气设备,32.0,20260527,30.15,retracement,3,-5.78,0
short,20260522,51,002012,002012.SZ,凯恩股份,造纸,7.82,20260525,8.6,limit_up,1,9.97,1
short,20260522,69,600023,600023.SH,浙能电力,火力发电,5.75,20260527,6.0,expired,3,4.35,1
short,20260522,75,000404,000404.SZ,长虹华意,家用电器,9.73,20260525,9.19,retracement,1,-5.55,0
short,20260525,9,300199,300199.SZ,翰宇药业,化学制药,25.41,20260528,24.35,expired,3,-4.17,0
short,20260525,10,000997,000997.SZ,新大陆,IT设备,25.74,20260527,23.41,stop_loss,2,-9.05,0
short,20260525,18,301023,301023.SZ,奕帆传动,电气设备,49.88,20260527,43.39,stop_loss,2,-13.01,0
short,20260525,19,301026,301026.SZ,浩通科技,小金属,35.39,20260527,33.91,retracement,2,-4.18,0
short,20260525,29,600226,600226.SH,亨通股份,供气供热,6.48,20260528,6.65,expired,3,2.62,1
short,20260526,9,600226,600226.SH,亨通股份,供气供热,6.73,20260529,6.39,expired,3,-5.05,0
short,20260526,28,300552,300552.SZ,万集科技,IT设备,31.4,20260529,27.94,stop_loss,3,-11.02,0
short,20260526,31,300199,300199.SZ,翰宇药业,化学制药,25.34,20260529,23.11,stop_loss,3,-8.8,0
short,20260526,37,002718,002718.SZ,友邦吊顶,其他建材,90.61,20260529,87.18,expired,3,-3.79,0
short,20260526,47,301026,301026.SZ,浩通科技,小金属,35.95,20260527,33.91,retracement,1,-5.67,0
short,20260527,18,300199,300199.SZ,翰宇药业,化学制药,24.62,20260529,23.11,retracement,2,-6.13,0
short,20260527,23,601939,601939.SH,建设银行,银行,10.22,20260601,10.08,expired,3,-1.37,0
short,20260527,25,300552,300552.SZ,万集科技,IT设备,32.03,20260529,27.94,stop_loss,2,-12.77,0
short,20260527,31,300424,300424.SZ,航新科技,航空,21.2,20260529,20.44,retracement,2,-3.58,0
short,20260527,32,603919,603919.SH,金徽酒,白酒,21.83,20260528,20.39,retracement,1,-6.6,0
short,20260528,31,300424,300424.SZ,航新科技,航空,22.22,20260529,20.44,stop_loss,1,-8.01,0
short,20260528,33,300199,300199.SZ,翰宇药业,化学制药,24.35,20260529,23.11,retracement,1,-5.09,0
short,20260528,42,301026,301026.SZ,浩通科技,小金属,34.5,20260529,23.05,stop_loss,1,-33.19,0
short,20260528,47,605018,605018.SH,长华集团,汽车配件,13.7,20260602,14.37,expired,3,4.89,1
short,20260528,54,001289,001289.SZ,龙源电力,新型电力,18.1,20260602,18.8,expired,3,3.87,1
short,20260601,1,601066,601066.SH,中信建投,证券,24.3,20260604,25.07,expired,3,3.17,1
short,20260601,2,600377,600377.SH,宁沪高速,路桥,12.93,20260604,12.75,expired,3,-1.39,0
short,20260601,3,002568,002568.SZ,百润股份,红黄酒,20.19,20260604,18.3,stop_loss,3,-9.36,0
short,20260601,4,601963,601963.SH,重庆银行,银行,11.86,20260604,11.89,expired,3,0.25,1
short,20260601,5,002039,002039.SZ,黔源电力,水力发电,22.62,20260604,21.63,expired,3,-4.38,0
short,20260603,1,601066,601066.SH,中信建投,证券,25.55,20260608,24.39,expired,3,-4.54,0
short,20260603,2,600377,600377.SH,宁沪高速,路桥,12.84,20260608,12.63,expired,3,-1.64,0
short,20260603,3,603683,603683.SH,晶华新材,化工原料,30.82,20260608,32.82,expired,3,6.49,1
short,20260603,4,002568,002568.SZ,百润股份,红黄酒,19.25,20260608,18.8,expired,3,-2.34,0
short,20260603,5,601963,601963.SH,重庆银行,银行,12.01,20260608,12.19,expired,3,1.5,1
short,20260604,1,601066,601066.SH,中信建投,证券,25.07,20260609,24.96,expired,3,-0.44,0
short,20260604,2,601963,601963.SH,重庆银行,银行,11.89,20260609,12.21,expired,3,2.69,1
short,20260604,3,603683,603683.SH,晶华新材,化工原料,31.32,20260609,31.73,expired,3,1.31,1
short,20260604,4,002039,002039.SZ,黔源电力,水力发电,21.63,20260605,20.51,retracement,1,-5.18,0
short,20260604,5,000883,000883.SZ,湖北能源,水力发电,5.18,20260609,4.93,expired,3,-4.83,0
short,20260605,1,002527,002527.SZ,新时达,电器仪表,15.43,20260610,15.19,retracement,3,-1.56,0
short,20260605,2,300304,300304.SZ,云意电气,汽车配件,14.88,20260610,16.15,expired,3,8.53,1
short,20260605,3,002119,002119.SZ,康强电子,半导体,24.83,20260610,28.36,limit_up,3,14.22,1
short,20260605,4,301273,301273.SZ,瑞晨环保,机械基件,47.88,20260610,32.72,stop_loss,3,-31.66,0
short,20260605,5,600222,600222.SH,太龙药业,中成药,8.7,20260608,8.12,retracement,1,-6.67,0
short,20260609,1,002119,002119.SZ,康强电子,半导体,25.78,20260610,28.36,limit_up,1,10.01,1
short,20260609,2,600483,600483.SH,福能股份,新型电力,12.05,20260612,11.61,expired,3,-3.65,0
short,20260609,3,000766,000766.SZ,通化金马,化学制药,25.16,20260612,25.29,expired,3,0.52,1
short,20260609,4,603155,603155.SH,新亚强,化工原料,20.76,20260610,22.84,limit_up,1,10.02,1
short,20260609,5,603328,603328.SH,依顿电子,元器件,13.82,20260610,13.06,retracement,1,-5.5,0
short,20260610,1,000766,000766.SZ,通化金马,化学制药,25.28,20260615,25.11,expired,3,-0.67,0
short,20260610,2,600483,600483.SH,福能股份,新型电力,11.85,20260615,11.6,expired,3,-2.11,0
short,20260610,3,300920,300920.SZ,润阳科技,塑料,40.94,20260611,38.46,retracement,1,-6.06,0
short,20260610,4,601988,601988.SH,中国银行,银行,6.22,20260615,6.13,expired,3,-1.45,0
short,20260610,5,601939,601939.SH,建设银行,银行,10.49,20260615,10.39,expired,3,-0.95,0
short,20260616,1,605208,605208.SH,永茂泰,铝,15.67,20260622,15.83,expired,3,1.02,1
short,20260616,2,603257,603257.SH,中国瑞林,建筑工程,69.95,20260622,69.0,expired,3,-1.36,0
short,20260616,3,603139,603139.SH,康惠股份,中成药,40.12,20260617,44.13,limit_up,1,10.0,1
short,20260616,4,600999,600999.SH,招商证券,证券,18.93,20260622,19.65,expired,3,3.8,1
short,20260616,5,300235,300235.SZ,方直科技,软件服务,14.2,20260622,13.63,expired,3,-4.01,0
short,20260622,1,600999,600999.SH,招商证券,证券,19.65,20260625,20.77,expired,3,5.7,1
short,20260622,2,600179,600179.SH,安通控股,水运,4.79,20260625,4.61,expired,3,-3.76,0
short,20260622,3,002925,002925.SZ,盈趣科技,元器件,22.86,20260625,24.6,expired,3,7.61,1
short,20260622,4,002876,002876.SZ,三利谱,元器件,32.66,20260624,35.26,limit_up,2,7.96,1
short,20260622,5,002194,002194.SZ,武汉凡谷,通信设备,12.55,20260625,11.66,expired,3,-7.09,0
short,20260624,1,600999,600999.SH,招商证券,证券,20.28,20260629,21.2,expired,3,4.54,1
short,20260624,2,002861,002861.SZ,瀛通通讯,元器件,21.25,20260629,21.75,expired,3,2.35,1
short,20260624,3,002925,002925.SZ,盈趣科技,元器件,23.65,20260629,23.36,retracement,3,-1.23,0
short,20260624,4,301500,301500.SZ,飞南资源,环境保护,27.71,20260629,25.92,expired,3,-6.46,0
short,20260624,5,300538,300538.SZ,同益股份,塑料,17.73,20260629,15.98,stop_loss,3,-9.87,0
short,20260625,1,600999,600999.SH,招商证券,证券,20.77,20260629,21.2,expired,2,2.07,1
short,20260625,2,002861,002861.SZ,瀛通通讯,元器件,21.64,20260629,21.75,expired,2,0.51,1
short,20260625,3,002925,002925.SZ,盈趣科技,元器件,24.6,20260629,23.36,retracement,2,-5.04,0
short,20260625,4,300538,300538.SZ,同益股份,塑料,17.16,20260629,15.98,retracement,2,-6.88,0
short,20260625,5,600179,600179.SH,安通控股,水运,4.61,20260629,4.48,retracement,2,-2.82,0
short,20260626,1,600198,600198.SH,大唐电信,通信设备,9.75,20260629,9.24,retracement,1,-5.23,0
short,20260626,2,600179,600179.SH,安通控股,水运,4.73,20260629,4.48,retracement,1,-5.29,0
short,20260626,3,002587,002587.SZ,奥拓电子,元器件,7.33,20260629,7.1,expired,1,-3.14,0
short,20260626,4,002077,002077.SZ,大港股份,半导体,18.53,20260629,18.42,expired,1,-0.59,0
